ID,Rank,Hap1,Hap2,HapPair_Prob
D3505,1,A*30:02~B*14:02,A*32:01~B*39:10,0.3150459288416418
D3505,2,A*30:02~B*14:02,A*32:01~B*39:01,0.2673517305598033
D3505,3,A*30:02~B*39:10,A*32:01~B*14:02,0.099712433
D3505,4,A*30:02~B*14:02,A*32:01~B*39:06,0.09552497
D3505,5,A*30:01~B*14:02,A*32:01~B*39:10,0.078715593
D3505,6,A*30:01~B*14:02,A*32:01~B*39:01,0.066798991
D3505,7,A*30:01~B*39:10,A*32:01~B*14:02,0.029206494
D3505,8,A*30:01~B*14:02,A*32:01~B*39:06,0.023867329
D3505,9,A*30:02~B*14:02,A*32:01~B*39:24,0.009453181
D3505,10,A*30:01~B*14:02,A*32:01~B*39:24,0.002361918
D3505,11,A*30:02~B*39:01,A*32:01~B*14:02,0.002257484
D13880,1,A*30:02~B*07:02,A*34:02~B*53:01,0.40269177048888066
D13880,2,A*30:01~B*07:02,A*34:02~B*53:01,0.20308144129546576
D13880,3,A*30:02~B*53:01,A*34:02~B*07:02,0.139180382
D13880,4,A*30:01~B*53:01,A*34:02~B*07:02,0.11366198792610206
D13880,5,A*30:02~B*07:05,A*34:02~B*53:01,0.048393539
D13880,6,A*30:01~B*07:05,A*34:02~B*53:01,0.041361095
D13880,7,A*30:02~B*53:01,A*34:02~B*07:09,0.011395011799743957
D13880,8,A*30:02~B*53:01,A*34:02~B*07:05,0.010829180412477053
D13880,9,A*30:01~B*53:01,A*34:02~B*07:09,0.009305763
D13880,10,A*30:01~B*53:01,A*34:02~B*07:05,0.008843676
D13880,11,A*30:04~B*53:01,A*34:02~B*07:02,0.002729742